<?xml version='1.0'?>
<home version='7400' exportFlags='17' name='kp1.sh3d' camera='observerCamera' selectedLevel='level-96ffed4f-67bb-4418-9d94-2a42bc8a71d6' wallHeight='226.06'>
  <environment groundColor='00A8A8A8' skyColor='00CCE4FC' lightColor='00D0D0D0'>
    <texture attribute='groundTexture' name='Grass darker' creator='Scopia' catalogId='eTeksScopia#grass_darker' width='80.0' height='80.0' image='0'/>
  </environment>
  <observerCamera attribute='observerCamera' lens='PINHOLE' x='364.15338' y='349.52313' z='160.02' yaw='-116.54777' pitch='-0.08564924' fieldOfView='1.0995575' time='1759320000000' fixedSize='true'/>
  <camera attribute='topCamera' lens='PINHOLE' x='710.4834' y='161.65005' z='512.85144' yaw='1.5415918' pitch='0.8753984' fieldOfView='1.0995575' time='1759320000000'/>
  <observerCamera attribute='storedCamera' id='observerCamera-74505f10-5235-40cc-80e2-aaf836cd0a48' name='Outside' lens='PINHOLE' x='195.86444' y='-384.56027' z='160.02' yaw='-113.37245' pitch='0.1293508' fieldOfView='1.0995575' time='1759320000000'/>
  <level id='level-96ffed4f-67bb-4418-9d94-2a42bc8a71d6' name='Level 0' elevation='0.0' floorThickness='12.0' height='220.98' elevationIndex='0'/>
  <level id='level-b3097ba4-72a2-4dab-bb89-003dedfd341c' name='Level 1' elevation='198.12' floorThickness='0.3175' height='220.98' elevationIndex='0' visible='false'/>
  <doorOrWindow level='level-96ffed4f-67bb-4418-9d94-2a42bc8a71d6' catalogId='eTeks#doorFrame' name='Door frame' creator='eTeks' model='2' x='219.67741' y='222.71164' angle='1.5707964' width='86.042496' depth='9.678149' height='210.81999' modelSize='1281' movable='false' cutOutShape='M0,0 v1 h1 v-1 z' wallCutOutOnBothSides='true'/>
  <doorOrWindow level='level-96ffed4f-67bb-4418-9d94-2a42bc8a71d6' catalogId='eTeks#doorFrame' name='Door frame' creator='eTeks' model='2' x='525.7474' y='343.19922' angle='1.5707964' width='92.71' widthInPlan='92.709984' depth='9.678149' height='210.81999' modelSize='1281' movable='false' cutOutShape='M0,0 v1 h1 v-1 z' wallCutOutOnBothSides='true'/>
  <doorOrWindow level='level-96ffed4f-67bb-4418-9d94-2a42bc8a71d6' catalogId='eTeks#door' name='Door' creator='eTeks' model='4' x='535.158' y='108.400505' angle='4.712389' width='73.659996' depth='14.839433' height='210.81999' modelSize='14086' movable='false' cutOutShape='M0,0 v1 h1 v-1 z' wallCutOutOnBothSides='true' wallLeft='-5.178791E-8'>
    <material name='white'>
      <texture name='Old wood' creator='Emmanuel Puybaret' catalogId='Puybaret#oldWood' width='40.0' height='80.0' image='5'/>
    </material>
    <material name='yellowbrt' color='FF9E9D9D'/>
  </doorOrWindow>
  <doorOrWindow level='level-96ffed4f-67bb-4418-9d94-2a42bc8a71d6' catalogId='eTeks#doorFrame' name='Door frame' creator='eTeks' model='2' x='318.72272' y='-73.444595' angle='4.712389' width='86.042496' depth='9.678149' height='210.81999' modelSize='1281' movable='false' cutOutShape='M0,0 v1 h1 v-1 z' wallCutOutOnBothSides='true'/>
  <doorOrWindow level='level-96ffed4f-67bb-4418-9d94-2a42bc8a71d6' catalogId='eTeks#doorFrame' name='Door frame' creator='eTeks' model='2' x='146.68814' y='93.98167' angle='1.5707964' width='144.145' depth='9.678149' height='210.81999' modelSize='1281' movable='false' cutOutShape='M0,0 v1 h1 v-1 z' wallCutOutOnBothSides='true'/>
  <doorOrWindow level='level-96ffed4f-67bb-4418-9d94-2a42bc8a71d6' catalogId='eTeks#doorFrame' name='Door frame' creator='eTeks' model='2' x='529.122' y='226.40192' elevation='101.6' angle='1.5707964' width='124.46' depth='13.969999' height='109.22' modelSize='1281' movable='false' cutOutShape='M0,0 v1 h1 v-1 z' wallCutOutOnBothSides='true'/>
  <doorOrWindow level='level-96ffed4f-67bb-4418-9d94-2a42bc8a71d6' catalogId='eTeks#doubleHungWindow80x122' name='Double-hung window' creator='eTeks' model='7' x='403.92737' y='468.3764' elevation='88.265' angle='3.1415927' width='86.36' depth='8.1297655' height='111.4425' modelSize='3457' movable='false' cutOutShape='M0,0 v1 h1 v-1 z' wallCutOutOnBothSides='true'/>
  <doorOrWindow level='level-96ffed4f-67bb-4418-9d94-2a42bc8a71d6' catalogId='eTeks#doubleHungWindow80x122' name='Double-hung window' creator='eTeks' model='7' x='100.34924' y='-3.5545766' elevation='83.82' width='77.47' depth='8.1297655' height='113.665' modelSize='3457' movable='false' cutOutShape='M0,0 v1 h1 v-1 z' wallCutOutOnBothSides='true'/>
  <doorOrWindow level='level-96ffed4f-67bb-4418-9d94-2a42bc8a71d6' catalogId='eTeks#doubleHungWindow80x122' name='Double-hung window' creator='eTeks' model='7' x='-4.0487304' y='238.10324' elevation='59.69' angle='1.5707964' width='90.17' depth='8.1297655' height='112.395' modelSize='3457' movable='false' cutOutShape='M0,0 v1 h1 v-1 z' wallCutOutOnBothSides='true'/>
  <doorOrWindow level='level-96ffed4f-67bb-4418-9d94-2a42bc8a71d6' catalogId='eTeks#doubleHungWindow80x122' name='Double-hung window' creator='eTeks' model='7' x='114.60548' y='468.3764' elevation='88.265' angle='3.1415927' width='86.36' depth='8.1297655' height='111.4425' modelSize='3457' movable='false' cutOutShape='M0,0 v1 h1 v-1 z' wallCutOutOnBothSides='true'/>
  <pieceOfFurniture level='level-96ffed4f-67bb-4418-9d94-2a42bc8a71d6' catalogId='Scopia#wall-flat-tv' name='Wall flat TV' creator='Scopia' model='10/wall-flat-tv.obj' x='3.388287' y='362.99136' elevation='114.299995' angle='4.712389' width='92.964' depth='10.795' height='52.324' modelSize='36766'/>
  <pieceOfFurniture level='level-96ffed4f-67bb-4418-9d94-2a42bc8a71d6' catalogId='Scopia#wall-flat-tv' name='Wall flat TV' creator='Scopia' model='10/wall-flat-tv.obj' x='212.62079' y='362.99136' elevation='114.299995' angle='1.5707964' width='92.964' depth='10.795' height='52.324' modelSize='36766'/>
  <pieceOfFurniture level='level-96ffed4f-67bb-4418-9d94-2a42bc8a71d6' catalogId='eTeks#chest' name='Chest' creator='eTeks' model='12' x='196.35378' y='88.32072' angle='1.5707964' width='130.175' depth='39.052498' height='66.3575' modelSize='52875'>
    <material name='amber' shininess='0.0'>
      <texture name='Old wood' creator='Scopia' catalogId='eTeksScopia#old-wooden-wall' width='100.0' height='100.0' image='13'/>
    </material>
  </pieceOfFurniture>
  <pieceOfFurniture level='level-96ffed4f-67bb-4418-9d94-2a42bc8a71d6' catalogId='Blend Swap CC-0#sofa2' name='Sofa' creator='Blend Swap' model='15/sofa2.obj' x='260.8063' y='345.9663' angle='4.712389' width='167.005' depth='74.612495' height='84.7725' modelSize='296526'/>
  <pieceOfFurniture level='level-96ffed4f-67bb-4418-9d94-2a42bc8a71d6' catalogId='eTeks#piano' name='Piano' creator='eTeks' model='17' x='454.005' y='24.130917' width='135.89' depth='48.26' height='81.28' modelSize='29003'/>
  <furnitureGroup level='level-96ffed4f-67bb-4418-9d94-2a42bc8a71d6' name='Group -6-' x='71.588196' y='31.83479' width='111.125' depth='60.250587' height='83.82'>
    <pieceOfFurniture level='level-96ffed4f-67bb-4418-9d94-2a42bc8a71d6' catalogId='Bettinelli#bureau3' name='Desk' creator='Gaël Bettinelli' model='19/bureau3.obj' x='71.588196' y='25.839495' width='111.125' depth='48.26' height='76.2' modelMirrored='true' modelSize='45158'>
      <material name='BoisClair'>
        <texture name='Dark brown' creator='Emmanuel Puybaret' catalogId='Puybaret#darkBrown' width='40.0' height='80.0' image='20'/>
      </material>
    </pieceOfFurniture>
    <pieceOfFurniture level='level-96ffed4f-67bb-4418-9d94-2a42bc8a71d6' catalogId='eTeks#chair' name='Chair' creator='eTeks' model='22' x='91.22836' y='41.00508' angle='3.1415925' width='40.005' depth='41.91' height='83.82' modelSize='3025'>
      <material name='amber' color='FF3D2200'/>
    </pieceOfFurniture>
  </furnitureGroup>
  <furnitureGroup level='level-96ffed4f-67bb-4418-9d94-2a42bc8a71d6' name='Group -4-' x='484.8285' y='422.62256' elevation='123.2979' width='76.78125' depth='76.78122' height='57.15001'>
    <furnitureGroup level='level-96ffed4f-67bb-4418-9d94-2a42bc8a71d6' name='Group -3-' x='484.8285' y='422.62256' elevation='123.2979' width='76.78125' depth='76.78122' height='57.15001'>
      <pieceOfFurniture level='level-96ffed4f-67bb-4418-9d94-2a42bc8a71d6' catalogId='Scopia#wall-flat-tv' name='Wall flat TV' creator='Scopia' model='10/wall-flat-tv.obj' x='484.8285' y='422.62256' elevation='123.2979' angle='2.3561945' width='97.79' widthInPlan='97.79001' depth='10.795' height='57.149998' heightInPlan='57.15' modelSize='36766'/>
    </furnitureGroup>
  </furnitureGroup>
  <pieceOfFurniture level='level-96ffed4f-67bb-4418-9d94-2a42bc8a71d6' catalogId='Pencilart#2GlassDoorCabinet' name='Wood glass door cabinet' creator='Pencilart' model='24/2GlassDoorCabinet.obj' x='506.71002' y='214.94168' angle='1.5707964' width='95.885' depth='30.48' height='86.36' heightInPlan='86.360016' modelSize='198129'>
    <material name='wood' color='FF1E3834'/>
  </pieceOfFurniture>
  <pieceOfFurniture level='level-96ffed4f-67bb-4418-9d94-2a42bc8a71d6' catalogId='Scopia#table_wood_and_iron' name='Coffee table' creator='Scopia' model='26/table_wood_and_iron.obj' x='397.33173' y='327.43655' angle='4.712389' width='121.284996' depth='75.8825' height='50.165' modelSize='161558'/>
  <pieceOfFurniture level='level-96ffed4f-67bb-4418-9d94-2a42bc8a71d6' catalogId='Blend Swap CC-0#speaker2' name='Speaker' creator='Nhumrod' model='28/speaker2.obj' x='348.32343' y='17.780901' angle='4.712389' width='35.559998' depth='33.02' height='55.879997' modelSize='331640'/>
  <pieceOfFurniture level='level-96ffed4f-67bb-4418-9d94-2a42bc8a71d6' catalogId='Scopia#arbreAChat' name='Cat tree' creator='Scopia' model='30/arbreAChat.obj' x='256.04376' y='440.3734' angle='3.1415927' width='65.0875' depth='48.895' height='89.534996' modelSize='241271'/>
  <pieceOfFurniture level='level-96ffed4f-67bb-4418-9d94-2a42bc8a71d6' catalogId='eTeks#texturableCylinder0' name='Cylinder' creator='eTeks' model='32/texturableCylinder0.obj' x='28.321365' y='98.12631' width='43.18' depth='43.18' height='43.18' modelSize='6394'>
    <material name='bottom' color='FFFAD1F0' shininess='0.0'/>
    <material name='cylinder' color='FFFAD1F0' shininess='0.0'/>
    <material name='top' color='FFFAD1F0' shininess='0.0'/>
  </pieceOfFurniture>
  <doorOrWindow level='level-96ffed4f-67bb-4418-9d94-2a42bc8a71d6' catalogId='eTeks#door' name='Door' creator='eTeks' model='4' x='268.74002' y='37.787643' angle='8.908789E-8' width='91.46512' depth='92.425896' height='210.81999' modelSize='14086' movable='false' cutOutShape='M0,0 v1 h1 v-1 z' wallCutOutOnBothSides='true' wallWidth='0.9997254' wallLeft='2.7476295E-4'>
    <transformation name='sweethome3d_hinge_1' matrix='-0.0022830495 0 -0.9736493 -0.38418934 0 1 0 0 1.0270585 0 -0.0022830458 0.4506861'/>
  </doorOrWindow>
  <doorOrWindow level='level-96ffed4f-67bb-4418-9d94-2a42bc8a71d6' catalogId='eTeks#door' name='Door' creator='eTeks' model='4' x='268.7526' y='-83.53371' angle='8.908789E-8' width='91.44' depth='92.353195' height='210.81999' modelSize='14086' movable='false' cutOutShape='M0,0 v1 h1 v-1 z' wallCutOutOnBothSides='true'>
    <transformation name='sweethome3d_hinge_1' matrix='0.030086292 0 -0.9732111 -0.37089804 0 1 0 0 1.0265962 0 0.030086298 0.44957358'/>
  </doorOrWindow>
  <pieceOfFurniture level='level-96ffed4f-67bb-4418-9d94-2a42bc8a71d6' catalogId='LucaPresidente#mensolaAcero' name='Shelf maple' creator='LucaPresidente' model='34/mensolaAcero.obj' x='404.08594' y='444.62653' elevation='91.44' width='85.725' widthInPlan='85.725006' depth='39.37' depthInPlan='39.370003' height='5.08' modelRotation='0 0 1 0 1 0 -1 0 0' modelSize='25140'>
    <material name='Box46_1'>
      <texture name='Claret red velvet' creator='Scopia' catalogId='eTeksScopia#claret-cotton-velvet' width='100.0' height='100.0' image='35'/>
    </material>
  </pieceOfFurniture>
  <furnitureGroup level='level-96ffed4f-67bb-4418-9d94-2a42bc8a71d6' name='Group -13-' x='326.89935' y='345.8307' angle='4.712389' width='103.13522' depth='36.201843' height='71.119995'>
    <pieceOfFurniture level='level-96ffed4f-67bb-4418-9d94-2a42bc8a71d6' name='uploads_files_2329003_Folding+Tray+Table' model='37/model.obj' x='326.57843' y='318.3931' angle='4.712389' width='48.26' depth='35.559998' height='71.119995' modelSize='54320'>
      <material name='default' color='FFC2985B' shininess='0.4140625'/>
    </pieceOfFurniture>
    <pieceOfFurniture level='level-96ffed4f-67bb-4418-9d94-2a42bc8a71d6' name='uploads_files_2329003_Folding+Tray+Table' model='37/model.obj' x='327.22028' y='373.2683' angle='4.712389' width='48.26' depth='35.559998' height='71.119995' modelSize='54320'>
      <material name='default' color='FFC2985B' shininess='0.46875'/>
    </pieceOfFurniture>
  </furnitureGroup>
  <furnitureGroup level='level-96ffed4f-67bb-4418-9d94-2a42bc8a71d6' name='Group -5-' x='420.2005' y='8.315945' elevation='97.155' width='172.71997' depth='16.63006' height='120.40648'>
    <pieceOfFurniture level='level-96ffed4f-67bb-4418-9d94-2a42bc8a71d6' name='ibanez guitar dae' model='39/jp1.dae.obj' x='437.8697' y='6.6296844' elevation='114.3' roll='5.5152407' width='81.597496' widthInPlan='34.74518' depth='9.2074995' height='81.28' heightInPlan='103.261475' modelSize='7717900'>
      <material name='dbl_Group_003_ncl1_29' color='FF1A1C27'/>
      <material name='dbl_Group_004' color='FF3C474F'/>
      <material name='dbl_Group_013' color='FF473B3B'/>
    </pieceOfFurniture>
    <pieceOfFurniture level='level-96ffed4f-67bb-4418-9d94-2a42bc8a71d6' name='Ukulele' model='41/model.dae' x='363.38788' y='4.922165' elevation='139.065' width='25.4' depth='9.8425' height='76.2' modelRotation='1 0 0 0 0 -1 0 1 0' modelSize='6414030'>
      <material name='Wood_Cherry_Original' color='FFC6B083'/>
    </pieceOfFurniture>
    <pieceOfFurniture level='level-96ffed4f-67bb-4418-9d94-2a42bc8a71d6' catalogId='Pastierovic#guitar' name='Guitar' creator='Robert Pastierovic' model='43' x='482.09753' y='9.328476' elevation='110.1725' width='44.45' depth='14.605' height='104.14' modelRotation='1 0 0 0 0 -1 0 1 0' modelSize='71382'>
      <material name='amber' color='FF684526'/>
      <material name='black' color='FFDDC596'/>
      <material name='redwood' color='FF231311'/>
    </pieceOfFurniture>
    <pieceOfFurniture level='level-96ffed4f-67bb-4418-9d94-2a42bc8a71d6' catalogId='LucaPresidente#mensolaAcero' name='Shelf maple' creator='LucaPresidente' model='34/mensolaAcero.obj' x='420.2005' y='1.8412623' elevation='200.97751' width='172.71999' widthInPlan='172.71997' depth='3.212246' depthInPlan='3.2122455' height='3.7064376' modelRotation='0 0 1 0 1 0 -1 0 0' modelSize='25140'/>
    <pieceOfFurniture level='level-96ffed4f-67bb-4418-9d94-2a42bc8a71d6' name='Bass - Guitar - Ibanez - Soundgear' model='45/uploads_files_3166178_Bass_CLD.dae.obj' x='398.1728' y='5.8358917' elevation='97.155' width='31.75' depth='7.62' height='118.11' modelRotation='1 0 0 0 0 -1 0 1 0' modelSize='9334268'/>
  </furnitureGroup>
  <pieceOfFurniture level='level-96ffed4f-67bb-4418-9d94-2a42bc8a71d6' catalogId='LucaPresidente#mensolaAcero' name='Shelf maple' creator='LucaPresidente' model='34/mensolaAcero.obj' x='146.82036' y='93.99337' angle='1.5707964' width='144.145' depth='7.62' height='0.3175' modelRotation='0 0 1 0 1 0 -1 0 0' modelSize='25140'>
    <material name='Box46_1'>
      <texture name='Dark wood' creator='Emmanuel Puybaret' catalogId='Puybaret#darkWood' width='100.0' height='50.0' angle='1.5707964' image='46'/>
    </material>
  </pieceOfFurniture>
  <pieceOfFurniture level='level-96ffed4f-67bb-4418-9d94-2a42bc8a71d6' catalogId='LucaPresidente#mensolaAcero' name='Shelf maple' creator='LucaPresidente' model='34/mensolaAcero.obj' x='269.1047' y='-3.782843' angle='3.1415927' width='91.379944' widthInPlan='91.37993' depth='7.5700336' height='0.3175' modelRotation='0 0 1 0 1 0 -1 0 0' modelSize='25140'>
    <material name='Box46_1'>
      <texture name='Dark wood' creator='Emmanuel Puybaret' catalogId='Puybaret#darkWood' width='100.0' height='50.0' angle='1.5707964' image='46'/>
    </material>
  </pieceOfFurniture>
  <pieceOfFurniture level='level-96ffed4f-67bb-4418-9d94-2a42bc8a71d6' catalogId='LucaPresidente#mensolaAcero' name='Shelf maple' creator='LucaPresidente' model='34/mensolaAcero.obj' x='318.45456' y='-73.38289' angle='1.5707964' width='86.27991' widthInPlan='86.2799' depth='7.570034' depthInPlan='7.570033' height='0.3175' modelRotation='0 0 1 0 1 0 -1 0 0' modelSize='25140'>
    <material name='Box46_1'>
      <texture name='Dark wood' creator='Emmanuel Puybaret' catalogId='Puybaret#darkWood' width='100.0' height='50.0' angle='1.5707964' image='46'/>
    </material>
  </pieceOfFurniture>
  <pieceOfFurniture level='level-96ffed4f-67bb-4418-9d94-2a42bc8a71d6' catalogId='LucaPresidente#mensolaAcero' name='Shelf maple' creator='LucaPresidente' model='34/mensolaAcero.obj' x='529.6496' y='110.760925' angle='4.712389' width='80.3275' widthInPlan='80.32749' depth='14.287499' depthInPlan='14.287497' height='0.3175' modelRotation='0 0 1 0 1 0 -1 0 0' modelSize='25140'>
    <material name='Box46_1'>
      <texture name='Dark wood' creator='Emmanuel Puybaret' catalogId='Puybaret#darkWood' width='100.0' height='50.0' angle='1.5707964' image='46'/>
    </material>
  </pieceOfFurniture>
  <pieceOfFurniture level='level-96ffed4f-67bb-4418-9d94-2a42bc8a71d6' catalogId='LucaPresidente#mensolaAcero' name='Shelf maple' creator='LucaPresidente' model='34/mensolaAcero.obj' x='529.2038' y='343.1197' angle='4.712389' width='92.71' widthInPlan='92.70999' depth='13.969999' depthInPlan='13.969996' height='0.3175' modelRotation='0 0 1 0 1 0 -1 0 0' modelSize='25140'>
    <material name='Box46_1'>
      <texture name='Dark wood' creator='Emmanuel Puybaret' catalogId='Puybaret#darkWood' width='100.0' height='50.0' angle='1.5707964' image='46'/>
    </material>
  </pieceOfFurniture>
  <pieceOfFurniture level='level-96ffed4f-67bb-4418-9d94-2a42bc8a71d6' catalogId='Blend Swap CC-0#pianoBench' name='Piano bench' creator='Simonrepp' model='48/pianoBench.obj' x='455.94366' y='44.035126' width='61.9125' depth='35.559998' height='52.07' modelSize='394611'/>
  <pieceOfFurniture level='level-96ffed4f-67bb-4418-9d94-2a42bc8a71d6' name='Baseboard Heating' model='54/baseboard_floor_heate_1002012453_generate.obj' x='615.49005' y='461.4285' angle='3.1415927' width='159.41986' widthInPlan='159.4198' depth='5.7149825' depthInPlan='5.714986' height='21.59' modelRotation='-1 0 0 0 1 0 0 0 -1' modelSize='51339691'/>
  <pieceOfFurniture level='level-96ffed4f-67bb-4418-9d94-2a42bc8a71d6' catalogId='LucaPresidente#mensolaAcero' name='Left Shelf' creator='LucaPresidente' model='34/mensolaAcero.obj' x='168.32533' y='432.21872' elevation='29.21' angle='3.1415908' pitch='1.5707964' width='54.2925' depth='2.8575' depthInPlan='40.64' height='40.64' heightInPlan='2.8575017' modelMirrored='true' modelRotation='0 0 1 0 1 0 -1 0 0' modelSize='25140'>
    <material name='Box46_1'>
      <texture name='Dark wood' creator='Emmanuel Puybaret' catalogId='Puybaret#darkWood' width='100.0' height='50.0' angle='1.5707964' image='46'/>
    </material>
  </pieceOfFurniture>
  <pieceOfFurniture level='level-96ffed4f-67bb-4418-9d94-2a42bc8a71d6' catalogId='LucaPresidente#mensolaAcero' name='Right Shelf' creator='LucaPresidente' model='34/mensolaAcero.obj' x='27.798414' y='432.22153' elevation='29.21' angle='3.1415927' pitch='1.5707964' width='54.2925' depth='2.9033425' depthInPlan='40.64' height='40.64' heightInPlan='2.9033442' modelRotation='0 0 1 0 1 0 -1 0 0' modelSize='25140'>
    <material name='Box46_1'>
      <texture name='Dark wood' creator='Emmanuel Puybaret' catalogId='Puybaret#darkWood' width='100.0' height='50.0' angle='1.5707964' image='46'/>
    </material>
  </pieceOfFurniture>
  <pieceOfFurniture level='level-96ffed4f-67bb-4418-9d94-2a42bc8a71d6' name='Bed' model='56/Single%20Wooden%20Drawer.obj' x='184.41135' y='431.8455' elevation='2.54' angle='4.7123885' width='40.64' depth='49.212498' height='14.605' modelMirrored='true' modelSize='478257'>
    <texture name='Dark wood' creator='Emmanuel Puybaret' width='100.0' height='50.0' image='46'/>
  </pieceOfFurniture>
  <pieceOfFurniture level='level-96ffed4f-67bb-4418-9d94-2a42bc8a71d6' name='Bed' model='56/Single%20Wooden%20Drawer.obj' x='47.90774' y='431.8478' elevation='2.54' angle='1.5707847' width='40.64' depth='49.212498' depthInPlan='49.2125' height='14.605' modelSize='478257'>
    <texture name='Dark wood' creator='Emmanuel Puybaret' width='100.0' height='50.0' image='46'/>
  </pieceOfFurniture>
  <pieceOfFurniture level='level-96ffed4f-67bb-4418-9d94-2a42bc8a71d6' name='Bed' model='56/Single%20Wooden%20Drawer.obj' x='179.05792' y='309.35507' elevation='2.54' angle='4.7123885' width='40.64' depth='49.212498' height='14.605' modelMirrored='true' modelSize='478257'>
    <texture name='Dark wood' creator='Emmanuel Puybaret' width='100.0' height='50.0' image='46'/>
  </pieceOfFurniture>
  <pieceOfFurniture level='level-96ffed4f-67bb-4418-9d94-2a42bc8a71d6' name='Bed' model='56/Single%20Wooden%20Drawer.obj' x='47.905277' y='309.9927' elevation='2.54' angle='1.5707847' width='40.64' depth='49.212498' depthInPlan='49.2125' height='14.605' modelSize='478257'>
    <texture name='Dark wood' creator='Emmanuel Puybaret' width='100.0' height='50.0' image='46'/>
  </pieceOfFurniture>
  <pieceOfFurniture level='level-96ffed4f-67bb-4418-9d94-2a42bc8a71d6' name='Bed' model='56/Single%20Wooden%20Drawer.obj' x='110.357574' y='264.12177' elevation='2.54' angle='3.1415927' width='70.8025' depth='46.989998' height='13.335' modelSize='478257'>
    <texture name='Dark wood' creator='Emmanuel Puybaret' width='100.0' height='50.0' image='46'/>
  </pieceOfFurniture>
  <pieceOfFurniture level='level-96ffed4f-67bb-4418-9d94-2a42bc8a71d6' name='Bed' model='56/Single%20Wooden%20Drawer.obj' x='110.357574' y='263.48676' elevation='18.414999' angle='3.1415927' width='70.8025' depth='46.989998' height='13.335' modelSize='478257'>
    <texture name='Dark wood' creator='Emmanuel Puybaret' width='100.0' height='50.0' image='46'/>
  </pieceOfFurniture>
  <pieceOfFurniture level='level-96ffed4f-67bb-4418-9d94-2a42bc8a71d6' catalogId='eTeks#bed' name='Bed' creator='eTeks' model='52' x='110.49665' y='349.77444' elevation='17.779999' angle='3.1415937' width='152.4' depth='203.2' height='52.704998' modelSize='24868'>
    <material name='flltbrown' color='00000000'/>
    <material name='sand_stone' color='00000000'/>
  </pieceOfFurniture>
  <furnitureGroup level='level-96ffed4f-67bb-4418-9d94-2a42bc8a71d6' name='Bed' x='110.48663' y='349.76852' angle='3.1415927' width='165.75504' depth='210.23688' height='41.275'>
    <pieceOfFurniture level='level-96ffed4f-67bb-4418-9d94-2a42bc8a71d6' catalogId='LucaPresidente#mensolaAcero' name='Plank 1' creator='LucaPresidente' model='34/mensolaAcero.obj' x='51.35812' y='288.879' angle='3.1415927' width='47.498' depth='2.54' height='31.75' modelRotation='0 0 1 0 1 0 -1 0 0' modelSize='25140'>
      <material name='Box46_1'>
        <texture name='Dark wood' creator='Emmanuel Puybaret' catalogId='Puybaret#darkWood' width='100.0' height='50.0' angle='1.5707964' image='46'/>
      </material>
    </pieceOfFurniture>
    <pieceOfFurniture level='level-96ffed4f-67bb-4418-9d94-2a42bc8a71d6' catalogId='LucaPresidente#mensolaAcero' name='Plank 1' creator='LucaPresidente' model='34/mensolaAcero.obj' x='51.35886' y='330.7889' angle='3.1415927' width='47.498' depth='2.54' height='31.75' modelRotation='0 0 1 0 1 0 -1 0 0' modelSize='25140'>
      <material name='Box46_1'>
        <texture name='Dark wood' creator='Emmanuel Puybaret' catalogId='Puybaret#darkWood' width='100.0' height='50.0' angle='1.5707964' image='46'/>
      </material>
    </pieceOfFurniture>
    <pieceOfFurniture level='level-96ffed4f-67bb-4418-9d94-2a42bc8a71d6' catalogId='LucaPresidente#mensolaAcero' name='Plank 1' creator='LucaPresidente' model='34/mensolaAcero.obj' x='51.360584' y='410.6171' angle='3.1415927' width='47.498' depth='2.54' height='31.75' modelRotation='0 0 1 0 1 0 -1 0 0' modelSize='25140'>
      <material name='Box46_1'>
        <texture name='Dark wood' creator='Emmanuel Puybaret' catalogId='Puybaret#darkWood' width='100.0' height='50.0' angle='1.5707964' image='46'/>
      </material>
    </pieceOfFurniture>
    <pieceOfFurniture level='level-96ffed4f-67bb-4418-9d94-2a42bc8a71d6' catalogId='LucaPresidente#mensolaAcero' name='Plank 1' creator='LucaPresidente' model='34/mensolaAcero.obj' x='51.461094' y='453.61697' angle='3.1415927' width='47.498' depth='2.54' height='31.75' modelRotation='0 0 1 0 1 0 -1 0 0' modelSize='25140'>
      <material name='Box46_1'>
        <texture name='Dark wood' creator='Emmanuel Puybaret' catalogId='Puybaret#darkWood' width='100.0' height='50.0' angle='1.5707964' image='46'/>
      </material>
    </pieceOfFurniture>
    <pieceOfFurniture level='level-96ffed4f-67bb-4418-9d94-2a42bc8a71d6' catalogId='LucaPresidente#mensolaAcero' name='Lower' creator='LucaPresidente' model='34/mensolaAcero.obj' x='110.49665' y='349.77444' angle='3.1415927' width='165.735' depth='210.185' height='2.54' modelRotation='0 0 1 0 1 0 -1 0 0' modelSize='25140'>
      <material name='Box46_1'>
        <texture name='Dark wood' creator='Emmanuel Puybaret' catalogId='Puybaret#darkWood' width='100.0' height='50.0' angle='1.5707964' image='46'/>
      </material>
    </pieceOfFurniture>
    <pieceOfFurniture level='level-96ffed4f-67bb-4418-9d94-2a42bc8a71d6' catalogId='LucaPresidente#mensolaAcero' name='Upper' creator='LucaPresidente' model='34/mensolaAcero.obj' x='110.49665' y='349.77444' elevation='31.75' angle='3.1415927' width='165.735' depth='210.185' height='9.525' modelRotation='0 0 1 0 1 0 -1 0 0' modelSize='25140'>
      <material name='Box46_1'>
        <texture name='Dark wood' creator='Emmanuel Puybaret' catalogId='Puybaret#darkWood' width='100.0' height='50.0' angle='1.5707964' image='46'/>
      </material>
    </pieceOfFurniture>
    <pieceOfFurniture level='level-96ffed4f-67bb-4418-9d94-2a42bc8a71d6' catalogId='LucaPresidente#mensolaAcero' name='Plank 1' creator='LucaPresidente' model='34/mensolaAcero.obj' x='147.02898' y='349.26636' angle='4.7123876' width='209.2325' depth='2.54' depthInPlan='2.5400002' height='31.75' modelMirrored='true' modelRotation='0 0 1 0 1 0 -1 0 0' modelSize='25140'>
      <material name='Box46_1'>
        <texture name='Dark wood' creator='Emmanuel Puybaret' catalogId='Puybaret#darkWood' width='100.0' height='50.0' angle='1.5707964' image='46'/>
      </material>
    </pieceOfFurniture>
    <pieceOfFurniture level='level-96ffed4f-67bb-4418-9d94-2a42bc8a71d6' catalogId='LucaPresidente#mensolaAcero' name='Plank 1' creator='LucaPresidente' model='34/mensolaAcero.obj' x='169.52977' y='288.87637' angle='3.1415908' width='47.625' depth='2.54' height='31.75' modelMirrored='true' modelRotation='0 0 1 0 1 0 -1 0 0' modelSize='25140'>
      <material name='Box46_1'>
        <texture name='Dark wood' creator='Emmanuel Puybaret' catalogId='Puybaret#darkWood' width='100.0' height='50.0' angle='1.5707964' image='46'/>
      </material>
    </pieceOfFurniture>
    <pieceOfFurniture level='level-96ffed4f-67bb-4418-9d94-2a42bc8a71d6' catalogId='LucaPresidente#mensolaAcero' name='Plank 1' creator='LucaPresidente' model='34/mensolaAcero.obj' x='169.52893' y='330.78653' angle='3.1415908' width='47.625' depth='2.54' height='31.75' modelMirrored='true' modelRotation='0 0 1 0 1 0 -1 0 0' modelSize='25140'>
      <material name='Box46_1'>
        <texture name='Dark wood' creator='Emmanuel Puybaret' catalogId='Puybaret#darkWood' width='100.0' height='50.0' angle='1.5707964' image='46'/>
      </material>
    </pieceOfFurniture>
    <pieceOfFurniture level='level-96ffed4f-67bb-4418-9d94-2a42bc8a71d6' catalogId='LucaPresidente#mensolaAcero' name='Plank 1' creator='LucaPresidente' model='34/mensolaAcero.obj' x='169.52898' y='410.6146' angle='3.1415908' width='47.625' depth='2.54' height='31.75' modelMirrored='true' modelRotation='0 0 1 0 1 0 -1 0 0' modelSize='25140'>
      <material name='Box46_1'>
        <texture name='Dark wood' creator='Emmanuel Puybaret' catalogId='Puybaret#darkWood' width='100.0' height='50.0' angle='1.5707964' image='46'/>
      </material>
    </pieceOfFurniture>
    <pieceOfFurniture level='level-96ffed4f-67bb-4418-9d94-2a42bc8a71d6' catalogId='LucaPresidente#mensolaAcero' name='Plank 1' creator='LucaPresidente' model='34/mensolaAcero.obj' x='169.42831' y='453.6155' angle='3.1415908' width='47.625' depth='2.54' height='31.75' modelMirrored='true' modelRotation='0 0 1 0 1 0 -1 0 0' modelSize='25140'>
      <material name='Box46_1'>
        <texture name='Dark wood' creator='Emmanuel Puybaret' catalogId='Puybaret#darkWood' width='100.0' height='50.0' angle='1.5707964' image='46'/>
      </material>
    </pieceOfFurniture>
    <pieceOfFurniture level='level-96ffed4f-67bb-4418-9d94-2a42bc8a71d6' catalogId='LucaPresidente#mensolaAcero' name='Plank 1' creator='LucaPresidente' model='34/mensolaAcero.obj' x='73.68648' y='349.26636' angle='4.7123876' width='209.2325' depth='2.54' depthInPlan='2.5400002' height='31.75' modelMirrored='true' modelRotation='0 0 1 0 1 0 -1 0 0' modelSize='25140'>
      <material name='Box46_1'>
        <texture name='Dark wood' creator='Emmanuel Puybaret' catalogId='Puybaret#darkWood' width='100.0' height='50.0' angle='1.5707964' image='46'/>
      </material>
    </pieceOfFurniture>
    <pieceOfFurniture level='level-96ffed4f-67bb-4418-9d94-2a42bc8a71d6' catalogId='LucaPresidente#mensolaAcero' name='Drawer Plank' creator='LucaPresidente' model='34/mensolaAcero.obj' x='110.30665' y='266.17514' elevation='15.875' angle='3.1415927' width='75.565' widthInPlan='75.56502' depth='42.8625' depthInPlan='42.86251' height='2.54' modelRotation='0 0 1 0 1 0 -1 0 0' modelSize='25140'>
      <material name='Box46_1'>
        <texture name='Dark wood' creator='Emmanuel Puybaret' catalogId='Puybaret#darkWood' width='100.0' height='50.0' angle='1.5707964' image='46'/>
      </material>
    </pieceOfFurniture>
  </furnitureGroup>
  <pieceOfFurniture level='level-96ffed4f-67bb-4418-9d94-2a42bc8a71d6' name='Baseboard Heating' model='54/baseboard_floor_heate_1002012453_generate.obj' x='518.5575' y='430.51852' angle='1.5707964' width='69.215' depth='5.715' height='21.59' modelRotation='-1 0 0 0 1 0 0 0 -1' modelSize='51339691'/>
  <furnitureGroup level='level-96ffed4f-67bb-4418-9d94-2a42bc8a71d6' name='Refrigerator' x='574.10406' y='430.97238' angle='3.1415927' width='76.201294' depth='67.31085' height='172.72'>
    <pieceOfFurniture level='level-96ffed4f-67bb-4418-9d94-2a42bc8a71d6' catalogId='eTeks#fridge' name='Freezer' creator='eTeks' model='58' x='574.10474' y='430.9728' elevation='127.0' angle='3.1415927' width='76.200005' depth='67.31001' height='45.72' modelSize='13397'/>
    <pieceOfFurniture level='level-96ffed4f-67bb-4418-9d94-2a42bc8a71d6' catalogId='eTeks#fridge' name='Fridge' creator='eTeks' model='58' x='574.10345' y='430.97195' angle='3.1415927' width='76.2' depth='67.31' height='127.0' modelSize='13397'/>
  </furnitureGroup>
  <pieceOfFurniture level='level-96ffed4f-67bb-4418-9d94-2a42bc8a71d6' catalogId='LucaPresidente#mensolaAcero' name='Shelf maple' creator='LucaPresidente' model='34/mensolaAcero.obj' x='642.6173' y='187.96092' elevation='93.979996' width='213.36' widthInPlan='213.36003' depth='64.135' height='5.08' modelRotation='0 0 1 0 1 0 -1 0 0' modelSize='25140'>
    <material name='Box46_1' shininess='0.6640625'>
      <texture name='Beige tiles' creator='eTeks' catalogId='eTeks#beigeTile' width='20.0' height='20.0' angle='1.5707964' image='59'/>
    </material>
  </pieceOfFurniture>
  <pieceOfFurniture level='level-96ffed4f-67bb-4418-9d94-2a42bc8a71d6' catalogId='LucaPresidente#mensolaAcero' name='Shelf maple' creator='LucaPresidente' model='34/mensolaAcero.obj' x='717.6675' y='328.93097' elevation='93.979996' angle='4.712389' width='73.659996' widthInPlan='73.66001' depth='64.135' height='5.08' modelRotation='0 0 1 0 1 0 -1 0 0' modelSize='25140'>
    <material name='Box46_1' shininess='0.6640625'>
      <texture name='Beige tiles' creator='eTeks' catalogId='eTeks#beigeTile' width='20.0' height='20.0' angle='1.5707964' image='59'/>
    </material>
  </pieceOfFurniture>
  <pieceOfFurniture level='level-96ffed4f-67bb-4418-9d94-2a42bc8a71d6' catalogId='Omari#piano_cottura' name='Cooker' creator='Ben Omari' model='61/piano_cottura_Scene.obj' x='628.0845' y='188.59592' width='59.69' widthInPlan='59.689995' depth='67.31' height='101.6' modelSize='18685'>
    <material name='INOXs.002' color='FFFFFFFF'/>
  </pieceOfFurniture>
  <pieceOfFurniture level='level-96ffed4f-67bb-4418-9d94-2a42bc8a71d6' catalogId='LucaPresidente#mensolaAcero' name='Shelf maple' creator='LucaPresidente' model='34/mensolaAcero.obj' x='529.2756' y='225.47911' elevation='101.6' angle='1.5707964' width='122.8725' widthInPlan='122.87249' depth='16.51' depthInPlan='16.509996' height='0.3175' modelRotation='0 0 1 0 1 0 -1 0 0' modelSize='25140'>
    <material name='Box46_1'>
      <texture name='Dark wood' creator='Emmanuel Puybaret' catalogId='Puybaret#darkWood' width='100.0' height='50.0' angle='1.5707964' image='46'/>
    </material>
  </pieceOfFurniture>
  <pieceOfFurniture level='level-96ffed4f-67bb-4418-9d94-2a42bc8a71d6' name='Shelves' model='63/10230_Garage_Shelves_Metal_v2_Iterations-2.obj' x='235.2688' y='146.47916' angle='4.712389' pitch='0.05235988' width='46.989998' depth='15.5575' depthInPlan='25.077953' height='182.88' heightInPlan='182.74084' color='FFFFFFFF' modelRotation='1 0 0 0 0 1 0 -1 0' modelSize='6853418'/>
  <pieceOfFurniture level='level-96ffed4f-67bb-4418-9d94-2a42bc8a71d6' catalogId='Pencilart#kitchenSinkWithMarble' name='Wood cabinet with sink' creator='Pencilart' model='65/kitchenSinkWithMarble.obj' x='715.50507' y='257.39725' angle='1.5707964' width='72.39' depth='68.58' height='128.27' modelSize='2326813'>
    <material name='EPmarble'>
      <texture name='Beige tiles' creator='eTeks' width='20.0' height='20.0' image='59'/>
    </material>
  </pieceOfFurniture>
  <pieceOfFurniture level='level-96ffed4f-67bb-4418-9d94-2a42bc8a71d6' catalogId='Pencilart#2DoorLowerCabinet' name='Wood lower cabinet' creator='Pencilart' model='67/2DoorLowerCabinet.obj' x='712.6046' y='329.3116' angle='1.5707964' width='72.07264' depth='62.22991' height='99.88673' modelSize='361593'>
    <material name='marble2' color='00000000'/>
  </pieceOfFurniture>
  <pieceOfFurniture level='level-96ffed4f-67bb-4418-9d94-2a42bc8a71d6' catalogId='Pencilart#1DoorLowerCabinet' name='Wood lower cabinet' creator='Pencilart' model='69/1DoorLowerCabinet.obj' x='675.40283' y='193.48322' width='35.559998' widthInPlan='35.56' depth='60.96' depthInPlan='60.96001' height='99.06' heightInPlan='99.060005' modelSize='183364'>
    <material name='Marble2' color='00000000'/>
  </pieceOfFurniture>
  <pieceOfFurniture level='level-96ffed4f-67bb-4418-9d94-2a42bc8a71d6' catalogId='LucaPresidente#mensolaAcero' name='Shelf maple' creator='LucaPresidente' model='34/mensolaAcero.obj' x='565.9025' y='254.25842' elevation='88.265' width='59.055' depth='70.485' height='5.08' modelRotation='0 0 1 0 1 0 -1 0 0' modelSize='25140'>
    <material name='Box46_1' color='FFD1F8FF' shininess='0.0'/>
  </pieceOfFurniture>
  <pieceOfFurniture level='level-96ffed4f-67bb-4418-9d94-2a42bc8a71d6' catalogId='PeterSmolik#ceilingFan' name='Ceiling fan' creator='Peter Smolik' model='71/ceilingFan.obj' x='624.13257' y='315.52075' elevation='181.61' angle='1.5707964' width='107.95' depth='102.869995' height='39.052498' modelSize='648002'>
    <material name='CeilingFan5028_2_2' color='FFFFFFFF'/>
    <material name='CeilingFan6820_3_3' color='FFFFFFFF'/>
    <material name='CeilingFan_1_1' color='FFFFFFFF'/>
  </pieceOfFurniture>
  <doorOrWindow level='level-96ffed4f-67bb-4418-9d94-2a42bc8a71d6' catalogId='eTeks#doubleHungWindow80x122' name='Double-hung window' creator='eTeks' model='7' x='753.7995' y='260.28677' elevation='107.314995' angle='4.712389' width='86.36' depth='8.1297655' height='92.075' heightInPlan='92.07501' modelSize='3457' movable='false' cutOutShape='M0,0 v1 h1 v-1 z' wallCutOutOnBothSides='true'/>
  <pieceOfFurniture level='level-96ffed4f-67bb-4418-9d94-2a42bc8a71d6' catalogId='Omari#pensile_cucina_60x70' name='Glass door cabinet' creator='Ben Omari' model='73/pensile_cucina_Scene.obj' x='728.46246' y='415.38824' elevation='127.0' angle='1.5707964' width='99.06' depth='42.545' height='93.979996' modelSize='17416'>
    <material name='Material' color='FFFFFFFF'/>
    <material name='Material.001' color='FFFFFFFF'/>
  </pieceOfFurniture>
  <pieceOfFurniture level='level-96ffed4f-67bb-4418-9d94-2a42bc8a71d6' catalogId='Omari#pensile_cucina_60x70' name='Glass door cabinet' creator='Ben Omari' model='73/pensile_cucina_Scene.obj' x='705.285' y='175.89592' elevation='127.0' width='88.9' widthInPlan='88.90002' depth='41.91' height='93.979996' heightInPlan='93.98' modelSize='17416'>
    <material name='Material' color='FFFFFFFF'/>
    <material name='Material.001' color='FFFFFFFF'/>
  </pieceOfFurniture>
  <pieceOfFurniture level='level-96ffed4f-67bb-4418-9d94-2a42bc8a71d6' catalogId='LucaPresidente#mensolaAcero' name='Shelf maple' creator='LucaPresidente' model='34/mensolaAcero.obj' x='722.43' y='415.291' elevation='93.979996' angle='1.5707964' width='99.06' depth='54.61' height='2.54' modelRotation='0 0 1 0 1 0 -1 0 0' modelSize='25140'>
    <material name='Box46_1' color='FFFFFFFF' shininess='0.6640625'/>
  </pieceOfFurniture>
  <furnitureGroup level='level-96ffed4f-67bb-4418-9d94-2a42bc8a71d6' name='Group -9-' x='722.58875' y='415.35416' elevation='73.659996' angle='1.5707964' width='100.01245' depth='54.29254' height='20.32'>
    <pieceOfFurniture level='level-96ffed4f-67bb-4418-9d94-2a42bc8a71d6' name='Drawer' model='56/Single%20Wooden%20Drawer.obj' x='722.5887' y='390.35117' elevation='73.659996' angle='1.5707964' width='50.006443' depth='54.29251' height='20.319998' modelSize='478257'>
      <material name='default' color='FFFFFFFF'/>
    </pieceOfFurniture>
    <pieceOfFurniture level='level-96ffed4f-67bb-4418-9d94-2a42bc8a71d6' name='Drawer' model='56/Single%20Wooden%20Drawer.obj' x='722.5887' y='440.35715' elevation='73.659996' angle='1.5707964' width='50.006443' depth='54.29251' height='20.319998' modelSize='478257'>
      <material name='default' color='FFFFFFFF'/>
    </pieceOfFurniture>
  </furnitureGroup>
  <pieceOfFurniture level='level-96ffed4f-67bb-4418-9d94-2a42bc8a71d6' catalogId='LucaPresidente#mensolaAcero' name='Shelf maple' creator='LucaPresidente' model='34/mensolaAcero.obj' x='728.6212' y='367.89096' elevation='93.979996' angle='1.5707964' width='3.81' widthInPlan='3.8100002' depth='42.2275' depthInPlan='42.227505' height='37.1475' modelRotation='0 0 1 0 1 0 -1 0 0' modelSize='25140'>
    <material name='Box46_1' color='FFFFFFFF' shininess='0.6640625'/>
  </pieceOfFurniture>
  <pieceOfFurniture level='level-96ffed4f-67bb-4418-9d94-2a42bc8a71d6' catalogId='LucaPresidente#mensolaAcero' name='Shelf maple' creator='LucaPresidente' model='34/mensolaAcero.obj' x='728.6212' y='462.91592' elevation='93.979996' angle='1.5707964' width='3.81' widthInPlan='3.8100002' depth='42.2275' depthInPlan='42.227505' height='37.1475' modelRotation='0 0 1 0 1 0 -1 0 0' modelSize='25140'>
    <material name='Box46_1' color='FFFFFFFF' shininess='0.6640625'/>
  </pieceOfFurniture>
  <pieceOfFurniture level='level-96ffed4f-67bb-4418-9d94-2a42bc8a71d6' catalogId='LucaPresidente#mensolaAcero' name='Shelf maple' creator='LucaPresidente' model='34/mensolaAcero.obj' x='722.9135' y='463.0747' angle='4.712389' width='3.4924998' widthInPlan='3.4924996' depth='55.5625' depthInPlan='55.56251' height='93.979996' heightInPlan='93.98001' modelRotation='0 0 1 0 1 0 -1 0 0' modelSize='25140'>
    <material name='Box46_1' color='FFFFFFFF' shininess='0.6640625'/>
  </pieceOfFurniture>
  <pieceOfFurniture level='level-96ffed4f-67bb-4418-9d94-2a42bc8a71d6' catalogId='Snduc#meubleSalleDeBain' name='Washbasin with cabinet' creator='Snduc' model='75' x='559.5524' y='35.79096' angle='4.712389' width='66.04' depth='44.45' depthInPlan='44.45001' height='91.7575' modelSize='1012061' movable='false'>
    <material name='bone1' color='FF9D9D9D'/>
    <material name='gold' color='FFE1E1E1'/>
    <material name='ltbrown' color='FFF5ECD7'/>
  </pieceOfFurniture>
  <pieceOfFurniture level='level-96ffed4f-67bb-4418-9d94-2a42bc8a71d6' catalogId='LucaPresidente#mobilettoSpecchioBlu' name='Mirror' creator='LucaPresidente' model='77/mobilettoSpecchioBlu.obj' x='542.9137' y='37.744503' elevation='127.634995' angle='4.712389' width='66.04' depth='12.065' depthInPlan='12.064999' height='66.04' modelSize='42140'/>
  <pieceOfFurniture level='level-96ffed4f-67bb-4418-9d94-2a42bc8a71d6' catalogId='Blend Swap CC-0#toiletsUnit' name='Toilet unit' creator='Nhumrod' model='79/toiletsUnit.obj' x='636.4913' y='35.560913' width='35.2425' depth='69.215' height='77.1525' modelSize='451531' movable='false'/>
  <pieceOfFurniture level='level-96ffed4f-67bb-4418-9d94-2a42bc8a71d6' catalogId='LucaPresidente#doccia' name='Shower cabin' creator='LucaPresidente' model='81/doccia.obj' x='709.84985' y='73.33467' angle='3.1415927' width='81.915' depth='151.13' height='200.025' heightInPlan='200.02501' modelRotation='-1 0 0 0 1 0 0 0 -1' modelSize='152895'/>
  <pieceOfFurniture level='level-96ffed4f-67bb-4418-9d94-2a42bc8a71d6' catalogId='Scopia#mixer-tap-for-shower' name='Mixer tap for shower' creator='Scopia' model='83/mixer-tap-for-shower.obj' x='713.7854' y='130.01717' elevation='102.869995' angle='3.1415927' width='28.8925' depth='34.6075' height='99.06' modelSize='140752'/>
  <doorOrWindow level='level-96ffed4f-67bb-4418-9d94-2a42bc8a71d6' catalogId='eTeks#doubleHungWindow80x122' name='Double-hung window' creator='eTeks' model='7' x='595.9648' y='-3.5545766' elevation='107.314995' width='86.36' depth='8.1297655' height='92.075' heightInPlan='92.07501' modelSize='3457' movable='false' cutOutShape='M0,0 v1 h1 v-1 z' wallCutOutOnBothSides='true'/>
  <doorOrWindow level='level-96ffed4f-67bb-4418-9d94-2a42bc8a71d6' catalogId='Scopia#double_door_2' name='Double door' creator='Scopia' model='85/double_door_2.obj' x='572.9924' y='148.08751' elevation='15.24' angle='3.1415927' width='59.68551' depth='5.08' height='82.50643' modelSize='157381' movable='false' cutOutShape='M0,0 v1 h1 v-1 z' wallCutOutOnBothSides='true' wallWidth='0.99999994' wallLeft='7.0304617E-7'>
    <material name='metal-handle' color='00000000'/>
  </doorOrWindow>
  <doorOrWindow level='level-96ffed4f-67bb-4418-9d94-2a42bc8a71d6' catalogId='Scopia#double_door_2' name='Double door' creator='Scopia' model='85/double_door_2.obj' x='632.6779' y='150.01347' elevation='15.24' angle='3.1415927' width='59.68551' depth='17.780748' height='82.50643' modelSize='157381' movable='false' cutOutShape='M0,0 v1 h1 v-1 z' wallCutOutOnBothSides='true' wallWidth='0.99999994' wallLeft='7.0304617E-7'>
    <material name='metal-handle' color='00000000'/>
  </doorOrWindow>
  <pieceOfFurniture level='level-96ffed4f-67bb-4418-9d94-2a42bc8a71d6' catalogId='Puybaret#rectangularMirror' name='Rectangular mirror' creator='Emmanuel Puybaret' model='87/rectangularMirror.obj' x='533.39746' y='106.28322' elevation='44.767498' angle='1.5707964' width='49.8475' widthInPlan='49.847492' depth='0.9525' depthInPlan='0.95250016' height='140.33499' heightInPlan='140.3349' modelSize='14013'/>
  <pieceOfFurniture level='level-96ffed4f-67bb-4418-9d94-2a42bc8a71d6' catalogId='Puybaret#ovalMirror' name='Oval mirror' creator='Emmanuel Puybaret' model='89/ovalMirror.obj' x='0.49202758' y='106.79816' elevation='96.52' angle='4.712389' width='76.2' depth='0.9525' height='76.2' modelSize='60290'/>
  <doorOrWindow level='level-96ffed4f-67bb-4418-9d94-2a42bc8a71d6' catalogId='eTeks#doubleHungWindow80x122' name='Double-hung window' creator='eTeks' model='7' x='653.6635' y='474.70624' elevation='109.22' angle='3.1415927' width='69.85' depth='7.62' height='88.9' heightInPlan='88.90001' modelSize='3457' movable='false' cutOutShape='M0,0 v1 h1 v-1 z' wallCutOutOnBothSides='true'/>
  <pieceOfFurniture level='level-96ffed4f-67bb-4418-9d94-2a42bc8a71d6' name='Baseboard Heating' model='54/baseboard_floor_heate_1002012453_generate.obj' x='599.7999' y='140.46753' angle='3.1415927' width='125.729996' depth='5.715' height='21.59' modelRotation='-1 0 0 0 1 0 0 0 -1' modelSize='51339691'/>
  <furnitureGroup level='level-b3097ba4-72a2-4dab-bb89-003dedfd341c' name='Roof' x='369.59378' y='160.59811' angle='3.1415927' width='818.63776' depth='658.6316' height='274.87967' movable='false'>
    <pieceOfFurniture level='level-b3097ba4-72a2-4dab-bb89-003dedfd341c' catalogId='eTeks#texturableTriangle' name='Triangle' creator='eTeks' model='91/texturableTriangle.obj' x='-6.2415557' y='233.37906' elevation='22.427658' angle='4.712389' roll='2.3561945' width='336.89926' widthInPlan='476.4475' depth='2.54' height='336.89926' heightInPlan='238.22375' modelSize='1544' movable='false'>
      <material name='back'>
        <texture name='Dark wood' creator='Emmanuel Puybaret' width='100.0' height='50.0' angle='2.3561945' scale='0.25' image='46'/>
      </material>
      <material name='front'>
        <texture name='Dark wood' creator='Emmanuel Puybaret' width='100.0' height='50.0' angle='0.75049156' scale='0.5' image='46'/>
      </material>
    </pieceOfFurniture>
    <pieceOfFurniture level='level-b3097ba4-72a2-4dab-bb89-003dedfd341c' catalogId='eTeks#texturableTriangle' name='Triangle' creator='eTeks' model='91/texturableTriangle.obj' x='756.04553' y='233.37906' elevation='22.427658' angle='1.5707964' roll='2.3561945' width='336.89926' widthInPlan='476.4475' depth='2.54' height='336.89926' heightInPlan='238.22375' modelSize='1544' movable='false'>
      <material name='back'>
        <texture name='Dark wood' creator='Emmanuel Puybaret' width='100.0' height='50.0' angle='2.3561945' scale='0.25' image='46'/>
      </material>
      <material name='front'>
        <texture name='Dark wood' creator='Emmanuel Puybaret' width='100.0' height='50.0' angle='0.75049156' scale='0.5' image='46'/>
      </material>
    </pieceOfFurniture>
    <pieceOfFurniture level='level-b3097ba4-72a2-4dab-bb89-003dedfd341c' catalogId='Puybaret#toitureArdoiseRouge' name='Red slate roof' creator='Emmanuel Puybaret' model='93' x='330.29642' y='-60.579338' elevation='14.9747925' pitch='6.1086526' width='237.71614' depth='206.44878' depthInPlan='216.27663' height='82.02718' heightInPlan='48.203655' modelSize='348565' movable='false'>
      <material name='flblonde' color='FFF5F0E3'/>
      <material name='redbrick'>
        <texture name='Blue slates' creator='Emmanuel Puybaret' catalogId='Puybaret#blueSlates2' width='80.0' height='80.0' image='94'/>
      </material>
    </pieceOfFurniture>
    <pieceOfFurniture level='level-b3097ba4-72a2-4dab-bb89-003dedfd341c' catalogId='Puybaret#toitureArdoiseRouge' name='Red slate roof' creator='Emmanuel Puybaret' model='93' x='369.59375' y='95.86929' angle='1.1920929E-7' width='818.6377' depth='262.69675' height='274.87967' modelSize='348565' movable='false'>
      <material name='flblonde' color='FFF5F0E3'/>
      <material name='redbrick'>
        <texture name='Blue slates' creator='Emmanuel Puybaret' catalogId='Puybaret#blueSlates2' width='80.0' height='80.0' image='94'/>
      </material>
    </pieceOfFurniture>
    <pieceOfFurniture level='level-b3097ba4-72a2-4dab-bb89-003dedfd341c' catalogId='Puybaret#toitureArdoiseRouge' name='Red slate roof' creator='Emmanuel Puybaret' model='93' x='369.59375' y='358.56552' angle='3.1415927' width='818.6377' depth='262.69675' height='274.87967' modelSize='348565' movable='false'>
      <material name='flblonde' color='FFF5F0E3'/>
      <material name='redbrick'>
        <texture name='Blue slates' creator='Emmanuel Puybaret' catalogId='Puybaret#blueSlates2' width='80.0' height='80.0' image='94'/>
      </material>
    </pieceOfFurniture>
  </furnitureGroup>
  <pieceOfFurniture level='level-96ffed4f-67bb-4418-9d94-2a42bc8a71d6' name='Baseboard Heating' model='54/baseboard_floor_heate_1002012453_generate.obj' x='3.0599895' y='314.65335' angle='4.712389' width='300.315' widthInPlan='300.31503' depth='5.7149954' depthInPlan='5.7149944' height='21.59' modelRotation='-1 0 0 0 1 0 0 0 -1' modelSize='51339691'/>
  <pieceOfFurniture level='level-96ffed4f-67bb-4418-9d94-2a42bc8a71d6' name='Baseboard Heating' model='54/baseboard_floor_heate_1002012453_generate.obj' x='107.68501' y='462.81586' angle='3.1415927' width='215.265' depth='5.715' height='21.59' modelRotation='-1 0 0 0 1 0 0 0 -1' modelSize='51339691'/>
  <pieceOfFurniture level='level-96ffed4f-67bb-4418-9d94-2a42bc8a71d6' name='Baseboard Heating' model='54/baseboard_floor_heate_1002012453_generate.obj' x='422.2713' y='3.4410112' width='193.5073' widthInPlan='193.50725' depth='5.714986' depthInPlan='5.714989' height='21.59' modelRotation='-1 0 0 0 1 0 0 0 -1' modelSize='51339691'/>
  <pieceOfFurniture level='level-96ffed4f-67bb-4418-9d94-2a42bc8a71d6' name='Baseboard Heating' model='54/baseboard_floor_heate_1002012453_generate.obj' x='372.99634' y='461.091' angle='3.1415927' width='298.1323' depth='5.715' height='21.59' modelRotation='-1 0 0 0 1 0 0 0 -1' modelSize='51339691'/>
  <pieceOfFurniture level='level-96ffed4f-67bb-4418-9d94-2a42bc8a71d6' name='Baseboard Heating' model='54/baseboard_floor_heate_1002012453_generate.obj' x='518.5575' y='34.913544' angle='1.5707964' width='69.215' depth='5.715' height='21.59' modelRotation='-1 0 0 0 1 0 0 0 -1' modelSize='51339691'/>
  <wall id='wall-cc3d8326-f08b-4d7e-a358-8e7f6b37f955' level='level-96ffed4f-67bb-4418-9d94-2a42bc8a71d6' wallAtStart='wall-004bd0a9-9237-4380-a1b5-c3c109cc4fb8' wallAtEnd='wall-a9c173a0-db7e-40b9-b0b1-c34a86c04091' xStart='525.76' yStart='468.63092' xEnd='219.69003' yEnd='468.63092' height='220.98' thickness='7.62' pattern='hatchUp' rightSideColor='FFF9F0E0'>
    <texture attribute='leftSideTexture' name='Dark wood' creator='Emmanuel Puybaret' width='100.0' height='50.0' image='46'/>
    <baseboard attribute='rightSideBaseboard' thickness='0.9525' height='6.35'/>
  </wall>
  <wall id='wall-a9c173a0-db7e-40b9-b0b1-c34a86c04091' level='level-96ffed4f-67bb-4418-9d94-2a42bc8a71d6' wallAtStart='wall-cc3d8326-f08b-4d7e-a358-8e7f6b37f955' wallAtEnd='wall-94379fcd-05c7-42d4-81e8-cbc407147e7c' xStart='219.69003' yStart='468.63092' xEnd='219.69003' yEnd='-3.8091109' height='220.98' thickness='7.62' pattern='hatchUp' leftSideColor='FFF5F0E3' rightSideColor='FFF9F0E0'>
    <baseboard attribute='leftSideBaseboard' thickness='0.9525' height='6.35'/>
    <baseboard attribute='rightSideBaseboard' thickness='0.9525' height='6.35'/>
  </wall>
  <wall id='wall-b561e688-70de-4b2e-8d91-be31370c3f04' level='level-96ffed4f-67bb-4418-9d94-2a42bc8a71d6' wallAtStart='wall-3b40a063-822d-4c5e-a767-f6c06aadf733' wallAtEnd='wall-44a91ac6-c4e0-495f-81cd-26088ba5b0be' xStart='146.70076' yStart='-3.8090844' xEnd='146.70076' yEnd='172.72092' height='220.98' thickness='7.62' pattern='hatchUp' rightSideColor='FFF9F0E0'>
    <texture attribute='leftSideTexture' name='Dark wood' creator='Emmanuel Puybaret' width='100.0' height='50.0' image='46'/>
    <baseboard attribute='leftSideBaseboard' thickness='0.9525' height='6.35'/>
    <baseboard attribute='rightSideBaseboard' thickness='0.9525' height='6.35'/>
  </wall>
  <wall id='wall-44a91ac6-c4e0-495f-81cd-26088ba5b0be' level='level-96ffed4f-67bb-4418-9d94-2a42bc8a71d6' wallAtStart='wall-b561e688-70de-4b2e-8d91-be31370c3f04' xStart='146.70076' yStart='172.72092' xEnd='215.88004' yEnd='172.72092' height='220.98' thickness='7.62' pattern='hatchUp' leftSideColor='FFF5F0E3' rightSideColor='FFF9F0E0'>
    <baseboard attribute='leftSideBaseboard' thickness='0.9525' height='6.35'/>
    <baseboard attribute='rightSideBaseboard' thickness='0.9525' height='6.35'/>
  </wall>
  <wall id='wall-0faa1bbd-66c4-48b1-a071-7ecd8e16c626' level='level-96ffed4f-67bb-4418-9d94-2a42bc8a71d6' wallAtEnd='wall-64006356-737d-4474-8aec-81ce4eb60be5' xStart='215.88004' yStart='468.63092' xEnd='-3.7942224' yEnd='468.63092' height='220.98' thickness='7.62' pattern='hatchUp' rightSideColor='FFF9F0E0'>
    <texture attribute='leftSideTexture' name='Dark wood' creator='Emmanuel Puybaret' width='100.0' height='50.0' image='46'/>
    <baseboard attribute='rightSideBaseboard' thickness='0.9525' height='6.35'/>
  </wall>
  <wall id='wall-64006356-737d-4474-8aec-81ce4eb60be5' level='level-96ffed4f-67bb-4418-9d94-2a42bc8a71d6' wallAtStart='wall-0faa1bbd-66c4-48b1-a071-7ecd8e16c626' wallAtEnd='wall-3b40a063-822d-4c5e-a767-f6c06aadf733' xStart='-3.7942224' yStart='468.63092' xEnd='-3.7942224' yEnd='-3.8090844' height='220.98' thickness='7.62' pattern='hatchUp' rightSideColor='FFF9F0E0'>
    <texture attribute='leftSideTexture' name='Dark wood' creator='Emmanuel Puybaret' width='100.0' height='50.0' image='46'/>
    <baseboard attribute='rightSideBaseboard' thickness='0.9525' height='6.35'/>
  </wall>
  <wall id='wall-3b40a063-822d-4c5e-a767-f6c06aadf733' level='level-96ffed4f-67bb-4418-9d94-2a42bc8a71d6' wallAtStart='wall-64006356-737d-4474-8aec-81ce4eb60be5' wallAtEnd='wall-b561e688-70de-4b2e-8d91-be31370c3f04' xStart='-3.7942224' yStart='-3.8090844' xEnd='146.70076' yEnd='-3.8090844' height='220.98' thickness='7.62' pattern='hatchUp' rightSideColor='FFF9F0E0'>
    <texture attribute='leftSideTexture' name='Dark wood' creator='Emmanuel Puybaret' width='100.0' height='50.0' image='46'/>
    <baseboard attribute='rightSideBaseboard' thickness='0.9525' height='6.35'/>
  </wall>
  <wall id='wall-c95a8765-f873-427a-b25a-af37a7a51647' level='level-96ffed4f-67bb-4418-9d94-2a42bc8a71d6' xStart='150.51076' yStart='-3.8090842' xEnd='215.88004' yEnd='-3.809111' height='220.98' thickness='7.62' pattern='hatchUp' rightSideColor='FFF9F0E0'>
    <texture attribute='leftSideTexture' name='Dark wood' creator='Emmanuel Puybaret' width='100.0' height='50.0' image='46'/>
    <baseboard attribute='rightSideBaseboard' thickness='0.9525' height='6.35'/>
  </wall>
  <wall id='wall-dc64261f-49df-48b2-9196-5cf2f977d244' level='level-96ffed4f-67bb-4418-9d94-2a42bc8a71d6' wallAtEnd='wall-2d5a6bc6-e5eb-4f9b-889e-bd54d622e7de' xStart='219.69003' yStart='-7.619111' xEnd='219.69003' yEnd='-125.72245' height='220.98' thickness='7.62' pattern='hatchUp' rightSideColor='FFF9F0E0'>
    <texture attribute='leftSideTexture' name='Dark wood' creator='Emmanuel Puybaret' width='100.0' height='50.0' image='46'/>
    <baseboard attribute='rightSideBaseboard' thickness='0.9525' height='6.35'/>
  </wall>
  <wall id='wall-2d5a6bc6-e5eb-4f9b-889e-bd54d622e7de' level='level-96ffed4f-67bb-4418-9d94-2a42bc8a71d6' wallAtStart='wall-dc64261f-49df-48b2-9196-5cf2f977d244' wallAtEnd='wall-a9de3723-92fb-443e-8226-e2db9b1c7099' xStart='219.69003' yStart='-125.72245' xEnd='318.71008' yEnd='-125.72245' height='220.98' thickness='7.62' pattern='hatchUp' rightSideColor='FFF9F0E0'>
    <texture attribute='leftSideTexture' name='Dark wood' creator='Emmanuel Puybaret' width='100.0' height='50.0' image='46'/>
    <baseboard attribute='rightSideBaseboard' thickness='0.9525' height='6.35'/>
  </wall>
  <wall id='wall-a9de3723-92fb-443e-8226-e2db9b1c7099' level='level-96ffed4f-67bb-4418-9d94-2a42bc8a71d6' wallAtStart='wall-2d5a6bc6-e5eb-4f9b-889e-bd54d622e7de' xStart='318.71008' yStart='-125.72245' xEnd='318.71008' yEnd='-7.6191025' height='220.98' thickness='7.62' pattern='hatchUp' rightSideColor='FFF9F0E0'>
    <texture attribute='leftSideTexture' name='Dark wood' creator='Emmanuel Puybaret' width='100.0' height='50.0' image='46'/>
    <baseboard attribute='leftSideBaseboard' thickness='0.9525' height='6.35'/>
    <baseboard attribute='rightSideBaseboard' thickness='0.9525' height='6.35'/>
  </wall>
  <wall id='wall-7e9f4398-0816-47fa-b5fa-fba1ffef4aa9' level='level-96ffed4f-67bb-4418-9d94-2a42bc8a71d6' wallAtEnd='wall-dd1217b3-e567-47dd-ad66-42a2a614cd83' xStart='322.52008' yStart='-125.72265' xEnd='422.96008' yEnd='-125.72245' height='220.98' thickness='7.62' pattern='hatchUp' rightSideColor='FFF9F0E0'>
    <texture attribute='leftSideTexture' name='Dark wood' creator='Emmanuel Puybaret' width='100.0' height='50.0' image='46'/>
    <baseboard attribute='rightSideBaseboard' thickness='0.9525' height='6.35'/>
  </wall>
  <wall id='wall-dd1217b3-e567-47dd-ad66-42a2a614cd83' level='level-96ffed4f-67bb-4418-9d94-2a42bc8a71d6' wallAtStart='wall-7e9f4398-0816-47fa-b5fa-fba1ffef4aa9' xStart='422.96008' yStart='-125.72245' xEnd='422.96008' yEnd='-7.6190934' height='220.98' thickness='7.62' pattern='hatchUp' rightSideColor='FFF9F0E0'>
    <texture attribute='leftSideTexture' name='Dark wood' creator='Emmanuel Puybaret' width='100.0' height='50.0' image='46'/>
    <baseboard attribute='rightSideBaseboard' thickness='0.9525' height='6.35'/>
  </wall>
  <wall id='wall-3b523be4-91e0-4cde-b848-fee2349e383b' level='level-96ffed4f-67bb-4418-9d94-2a42bc8a71d6' wallAtStart='wall-cf597ed3-b5d2-4bd6-ace9-e097e612f1bf' wallAtEnd='wall-d3fe3339-0d3a-48a5-93c1-9115f70615c9' xStart='532.565' yStart='468.63092' xEnd='532.565' yEnd='151.13092' height='220.98' thickness='7.62' pattern='hatchUp' rightSideColor='FFF9F0E0'>
    <texture attribute='leftSideTexture' name='Dark wood' creator='Emmanuel Puybaret' width='100.0' height='50.0' image='46'/>
    <baseboard attribute='leftSideBaseboard' thickness='0.9525' height='6.35'/>
    <baseboard attribute='rightSideBaseboard' thickness='0.9525' height='6.35'/>
  </wall>
  <wall id='wall-d3fe3339-0d3a-48a5-93c1-9115f70615c9' level='level-96ffed4f-67bb-4418-9d94-2a42bc8a71d6' wallAtStart='wall-3b523be4-91e0-4cde-b848-fee2349e383b' wallAtEnd='wall-f6135b6a-e413-423f-b326-8eb6b6dc7139' xStart='532.565' yStart='151.13092' xEnd='753.545' yEnd='151.13092' height='220.98' thickness='7.62' pattern='hatchUp' leftSideColor='FFF5F0E3' rightSideColor='FFF9F0E0'>
    <baseboard attribute='leftSideBaseboard' thickness='0.9525' height='6.35'/>
    <baseboard attribute='rightSideBaseboard' thickness='0.9525' height='6.35'/>
  </wall>
  <wall id='wall-f6135b6a-e413-423f-b326-8eb6b6dc7139' level='level-96ffed4f-67bb-4418-9d94-2a42bc8a71d6' wallAtStart='wall-d3fe3339-0d3a-48a5-93c1-9115f70615c9' wallAtEnd='wall-cf597ed3-b5d2-4bd6-ace9-e097e612f1bf' xStart='753.545' yStart='151.13092' xEnd='753.545' yEnd='468.63092' height='220.98' thickness='7.62' pattern='hatchUp' rightSideColor='FFF9F0E0'>
    <texture attribute='leftSideTexture' name='Dark wood' creator='Emmanuel Puybaret' width='100.0' height='50.0' image='46'/>
    <baseboard attribute='rightSideBaseboard' thickness='0.9525' height='6.35'/>
  </wall>
  <wall id='wall-cf597ed3-b5d2-4bd6-ace9-e097e612f1bf' level='level-96ffed4f-67bb-4418-9d94-2a42bc8a71d6' wallAtStart='wall-f6135b6a-e413-423f-b326-8eb6b6dc7139' wallAtEnd='wall-3b523be4-91e0-4cde-b848-fee2349e383b' xStart='753.545' yStart='468.63092' xEnd='532.565' yEnd='468.63092' height='220.98' thickness='7.62' pattern='hatchUp' rightSideColor='FFF9F0E0'>
    <texture attribute='leftSideTexture' name='Dark wood' creator='Emmanuel Puybaret' width='100.0' height='50.0' image='46'/>
    <baseboard attribute='rightSideBaseboard' thickness='0.9525' height='6.35'/>
  </wall>
  <wall id='wall-7daf8b45-b28d-4c6b-9850-e33fdc690259' level='level-96ffed4f-67bb-4418-9d94-2a42bc8a71d6' wallAtStart='wall-a9795698-2006-4079-ab2f-e33fdd123d80' wallAtEnd='wall-2f9faa88-8c97-4673-9c92-ffb116814642' xStart='532.565' yStart='-3.7091088' xEnd='753.545' yEnd='-3.8090844' height='220.98' thickness='7.62' pattern='hatchUp' rightSideColor='FFF9F0E0'>
    <texture attribute='leftSideTexture' name='Dark wood' creator='Emmanuel Puybaret' width='100.0' height='50.0' image='46'/>
    <baseboard attribute='rightSideBaseboard' thickness='0.9525' height='6.35'/>
  </wall>
  <wall id='wall-2f9faa88-8c97-4673-9c92-ffb116814642' level='level-96ffed4f-67bb-4418-9d94-2a42bc8a71d6' wallAtStart='wall-7daf8b45-b28d-4c6b-9850-e33fdc690259' xStart='753.545' yStart='-3.8090844' xEnd='753.545' yEnd='147.32092' height='220.98' thickness='7.62' pattern='hatchUp' rightSideColor='FFF9F0E0'>
    <texture attribute='leftSideTexture' name='Dark wood' creator='Emmanuel Puybaret' width='100.0' height='50.0' image='46'/>
    <baseboard attribute='rightSideBaseboard' thickness='0.9525' height='6.35'/>
  </wall>
  <wall id='wall-a9795698-2006-4079-ab2f-e33fdd123d80' level='level-96ffed4f-67bb-4418-9d94-2a42bc8a71d6' wallAtEnd='wall-7daf8b45-b28d-4c6b-9850-e33fdc690259' xStart='532.565' yStart='147.4209' xEnd='532.565' yEnd='-3.7091088' height='220.98' thickness='7.62' pattern='hatchUp' rightSideColor='FFF9F0E0'>
    <texture attribute='leftSideTexture' name='Dark wood' creator='Emmanuel Puybaret' width='100.0' height='50.0' image='46'/>
    <baseboard attribute='rightSideBaseboard' thickness='0.9525' height='6.35'/>
  </wall>
  <wall id='wall-94379fcd-05c7-42d4-81e8-cbc407147e7c' level='level-96ffed4f-67bb-4418-9d94-2a42bc8a71d6' wallAtStart='wall-a9c173a0-db7e-40b9-b0b1-c34a86c04091' wallAtEnd='wall-cf5a7e0d-e098-483d-8ba2-2d8fdc97aef0' xStart='219.69003' yStart='-3.8091109' xEnd='422.89' yEnd='-3.8091109' height='220.98' thickness='7.62' pattern='hatchUp' leftSideColor='FFF5F0E3' rightSideColor='FFF9F0E0'>
    <baseboard attribute='leftSideBaseboard' thickness='0.9525' height='6.35'/>
    <baseboard attribute='rightSideBaseboard' thickness='0.9525' height='6.35'/>
  </wall>
  <wall id='wall-cf5a7e0d-e098-483d-8ba2-2d8fdc97aef0' level='level-96ffed4f-67bb-4418-9d94-2a42bc8a71d6' wallAtStart='wall-94379fcd-05c7-42d4-81e8-cbc407147e7c' wallAtEnd='wall-d82e82a0-bf78-4bea-8957-d546af711383' xStart='422.89' yStart='-3.8091109' xEnd='525.76' yEnd='-3.8090842' height='220.98' thickness='7.62' pattern='hatchUp' rightSideColor='FFF9F0E0'>
    <texture attribute='leftSideTexture' name='Dark wood' creator='Emmanuel Puybaret' width='100.0' height='50.0' image='46'/>
    <baseboard attribute='leftSideBaseboard' thickness='0.9525' height='6.35'/>
    <baseboard attribute='rightSideBaseboard' thickness='0.9525' height='6.35'/>
  </wall>
  <wall id='wall-d82e82a0-bf78-4bea-8957-d546af711383' level='level-96ffed4f-67bb-4418-9d94-2a42bc8a71d6' wallAtStart='wall-cf5a7e0d-e098-483d-8ba2-2d8fdc97aef0' wallAtEnd='wall-004bd0a9-9237-4380-a1b5-c3c109cc4fb8' xStart='525.76' yStart='-3.8090842' xEnd='525.76' yEnd='151.13092' height='220.98' thickness='7.62' pattern='hatchUp' rightSideColor='FFF9F0E0'>
    <texture attribute='leftSideTexture' name='Dark wood' creator='Emmanuel Puybaret' width='100.0' height='50.0' image='46'/>
    <baseboard attribute='rightSideBaseboard' thickness='0.9525' height='6.35'/>
  </wall>
  <wall id='wall-004bd0a9-9237-4380-a1b5-c3c109cc4fb8' level='level-96ffed4f-67bb-4418-9d94-2a42bc8a71d6' wallAtStart='wall-d82e82a0-bf78-4bea-8957-d546af711383' wallAtEnd='wall-cc3d8326-f08b-4d7e-a358-8e7f6b37f955' xStart='525.76' yStart='151.13092' xEnd='525.76' yEnd='468.63092' height='220.98' thickness='7.62' pattern='hatchUp' rightSideColor='FFF9F0E0'>
    <texture attribute='leftSideTexture' name='Dark wood' creator='Emmanuel Puybaret' width='100.0' height='50.0' image='46'/>
    <baseboard attribute='leftSideBaseboard' thickness='0.9525' height='6.35'/>
    <baseboard attribute='rightSideBaseboard' thickness='0.9525' height='6.35'/>
  </wall>
  <wall id='wall-f454d8b2-e97f-4d63-b7f9-df2106b380f0' level='level-96ffed4f-67bb-4418-9d94-2a42bc8a71d6' xStart='423.43866' yStart='-3.9334106' xEnd='319.15106' yEnd='-3.9334106' height='220.98' thickness='7.62' pattern='hatchUp'/>
  <room id='room-3e4ad86a-0e00-4bed-94cd-7eac3d490cf8' level='level-96ffed4f-67bb-4418-9d94-2a42bc8a71d6' areaVisible='true' ceilingColor='FFF9F0E0' ceilingFlat='true'>
    <texture attribute='floorTexture' name='Wooden floor' creator='Scopia' catalogId='eTeksScopia#english-parquet-3' width='120.0' height='120.0' angle='1.5707964' image='95'/>
    <point x='223.5' y='-0.75845337'/>
    <point x='223.5' y='178.36646'/>
    <point x='219.66504' y='178.36646'/>
    <point x='219.66504' y='265.53815'/>
    <point x='223.5' y='265.53815'/>
    <point x='223.5' y='464.06158'/>
    <point x='521.95' y='464.06158'/>
    <point x='521.95' y='389.4032'/>
    <point x='525.7851' y='389.4032'/>
    <point x='525.7851' y='295.47653'/>
    <point x='521.95' y='295.47656'/>
    <point x='521.95' y='151.24632'/>
    <point x='526.2932' y='151.24632'/>
    <point x='526.2932' y='76.73341'/>
    <point x='521.95' y='76.73341'/>
    <point x='521.95' y='-0.75842285'/>
  </room>
  <room id='room-b6640ae5-6543-416c-b588-0bb262a07bef' level='level-96ffed4f-67bb-4418-9d94-2a42bc8a71d6' areaVisible='true' ceilingColor='FFF9F0E0' ceilingFlat='true'>
    <texture attribute='floorTexture' name='Gray medium thick carpeting' creator='Scopia' catalogId='eTeksScopia#gray-medium-thick-floor-carpeting' width='50.0' height='50.0' scale='0.5' image='96'/>
    <point x='-0.026386261' y='9.1552734E-4'/>
    <point x='-0.026386261' y='464.82092'/>
    <point x='215.83784' y='464.82092'/>
    <point x='215.83784' y='266.29745'/>
    <point x='219.67287' y='266.2975'/>
    <point x='219.67287' y='179.1258'/>
    <point x='215.83784' y='179.1258'/>
    <point x='215.83784' y='176.53091'/>
    <point x='142.84859' y='176.53091'/>
    <point x='142.84859' y='9.1552734E-4'/>
  </room>
  <room id='room-9a053ba2-0c9b-48cc-9555-9a5071ffb06b' level='level-96ffed4f-67bb-4418-9d94-2a42bc8a71d6' areaVisible='true' ceilingColor='FFF9F0E0' ceilingFlat='true'>
    <texture attribute='floorTexture' name='Gray carpeting' creator='Scopia' catalogId='eTeksScopia#floor-carpeting-grey' width='150.0' height='150.0' scale='0.5' image='97'/>
    <point x='215.88004' y='8.8882446E-4'/>
    <point x='215.88004' y='168.91092'/>
    <point x='150.51076' y='168.91092'/>
    <point x='150.51076' y='9.1576576E-4'/>
  </room>
  <room id='room-e1cbe0f6-cb0f-49f1-b9ab-971bf3ab34b6' level='level-96ffed4f-67bb-4418-9d94-2a42bc8a71d6' areaVisible='true' ceilingColor='FFF9F0E0' ceilingFlat='true'>
    <texture attribute='floorTexture' name='Tiled stones' creator='Scopia' catalogId='eTeksScopia#tiled-stones-for-bathroom' width='100.0' height='100.0' scale='2.0' image='98'/>
    <point x='314.45' y='-121.91245'/>
    <point x='314.45' y='-7.619103'/>
    <point x='220.93329' y='-7.619111'/>
    <point x='223.04996' y='-7.619111'/>
    <point x='223.04996' y='-121.91245'/>
  </room>
  <room id='room-bad6c180-2520-4555-b53e-98e40fc1877d' level='level-96ffed4f-67bb-4418-9d94-2a42bc8a71d6' areaVisible='true' ceilingColor='FFF9F0E0' ceilingFlat='true'>
    <texture attribute='floorTexture' name='Tiled stones' creator='Scopia' catalogId='eTeksScopia#tiled-stones-for-bathroom' width='100.0' height='100.0' image='98'/>
    <point x='322.52008' y='-121.91265'/>
    <point x='419.1501' y='-121.91245'/>
    <point x='419.1501' y='-7.619094'/>
    <point x='320.44336' y='-7.6191025'/>
    <point x='322.52008' y='-7.6191025'/>
  </room>
  <room id='room-e75ecc14-b0b2-4411-9eb2-b8e24afebcf4' level='level-96ffed4f-67bb-4418-9d94-2a42bc8a71d6' areaVisible='true' ceilingColor='FFF9F0E0' ceilingFlat='true'>
    <texture attribute='floorTexture' name='Light beige wooden floor' creator='Scopia' catalogId='eTeksScopia#light-beige-parquet' width='100.0' height='100.0' scale='3.5' image='99'/>
    <point x='749.635' y='9.1543794E-4'/>
    <point x='749.635' y='147.32092'/>
    <point x='536.275' y='147.32092'/>
    <point x='536.275' y='9.1543794E-4'/>
  </room>
  <room id='room-28c4eb83-d80d-480e-9568-d2570d2ebd82' level='level-96ffed4f-67bb-4418-9d94-2a42bc8a71d6' name='' areaVisible='true' ceilingColor='FFF9F0E0' ceilingFlat='true'>
    <texture attribute='floorTexture' name='Beige tiles' creator='Ola-Kristian Hoff' catalogId='OlaKristianHoff#beige_tiles' width='32.0' height='32.0' scale='3.0' image='100'/>
    <point x='536.375' y='154.94092'/>
    <point x='536.375' y='296.6259'/>
    <point x='525.73505' y='296.62585'/>
    <point x='525.73505' y='389.77255'/>
    <point x='536.375' y='389.77255'/>
    <point x='536.375' y='464.82092'/>
    <point x='749.735' y='464.82092'/>
    <point x='749.735' y='154.94092'/>
  </room>
</home>